,query,relevant_contexts,llm_response
0,What are the steps involved in the retrieval process as described for Naive RAG?,"['11 Fig.5.In addition to the most common once retrieval, RAG also includes three types of retrieval augmentation processes. (left) Iterative retrieval involves alternating between retrieval and generation, allowing for richer and more targeted context from the knowledge base at each step. (Middle) Recursive retrieval involves gradually refining the user query and breaking down the problem into sub-problems, then continuously solving complex problems through retrieval and generation. (', 'Right) Modular RAG inherits and develops from the previous paradigm, showcasing greater flexibility overall.This is evident in the introduction of multiple specific functional modules and the replacement of existing modules.The overall process is not limited to sequential retrieval and generation; it includes methods such as iterative and adaptive retrieval.Pre-retrieval process.In this stage, the primary focus is on optimizing the indexing structure and the original query.', '4 Fig.3.Comparison between the three paradigms of RAG. (Left) Naive RAG mainly consists of three parts: indexing, retrieval and generation. (Middle) Advanced RAG proposes multiple optimization strategies around pre-retrieval and post-retrieval, with a process similar to the Naive RAG, still following a chain-like structure. (', 'In the RAG system, both the step-back question and the original query are used for retrieval, and both the results are utilized as the basis for language model answer generation.3) Query Routing: Based on varying queries, routing to distinct RAG pipeline,which is suitable for a versatile RAG system designed to accommodate diverse scenarios.Metadata Router/ Filter.The first step involves extracting keywords (entity) from the query, followed by filtering based on the keywords and metadata within the chunks to narrow down the search scope.Semantic Router is another method of routing involves leveraging the semantic information of the query.', 'This step is crucial for enabling efficient similarity searches in the subsequent retrieval phase.Retrieval.Upon receipt of a user query, the RAG system employs the same encoding model utilized during the indexing phase to transform the query into a vector representation.It then computes the similarity scores between the query vector and the vector of chunks within the indexed corpus.The system prioritizes and retrieves the top K chunks that demonstrate the greatest similarity to the query.']","

The retrieval process in Naive RAG involves three primary stages: indexing, retrieval, and generation. The process emphasizes optimizing the indexing structure and the original query for efficient retrieval. The system employs both step-back questions and the original query for retrieval, and both results are used to generate the final answer."
1,"What are the three main paradigms of RAG mentioned in the document, and how do they differ?","['A. Naive RAG The Naive RAG research paradigm represents the earli- est methodology, which gained prominence shortly after the', '4 Fig.3.Comparison between the three paradigms of RAG. (Left) Naive RAG mainly consists of three parts: indexing, retrieval and generation. (Middle) Advanced RAG proposes multiple optimization strategies around pre-retrieval and post-retrieval, with a process similar to the Naive RAG, still following a chain-like structure. (', 'Right) Modular RAG inherits and develops from the previous paradigm, showcasing greater flexibility overall.This is evident in the introduction of multiple specific functional modules and the replacement of existing modules.The overall process is not limited to sequential retrieval and generation; it includes methods such as iterative and adaptive retrieval.Pre-retrieval process.In this stage, the primary focus is on optimizing the indexing structure and the original query.', 'In this case, it gathers relevant news articles related to the user’s query.These articles, combined with the original question, form a comprehensive prompt that empowers LLMs to generate a well-informed answer.The RAG research paradigm is continuously evolving, and we categorize it into three stages: Naive RAG, Advanced RAG, and Modular RAG, as showed in Figure 3.Despite RAG method are cost-effective and surpass the performance of the native LLM, they also exhibit several limitations.The development of Advanced RAG and Modular RAG is a response to these specific shortcomings in Naive RAG.', '3 Fig.2.A representative instance of the RAG process applied to question answering.It mainly consists of 3 steps.1) Indexing.']"," 
    The three main paradigms of RAG are:
    - Naive RAG: consists of three parts: indexing, retrieval, and generation.
    - Advanced RAG: includes multiple optimization strategies around pre-retrieval and post-retrieval, with a chain-like structure.
    - Modular RAG: showcases greater flexibility through multiple specific functional modules, replacing existing modules.

This response provides a clear and concise explanation of the three main paradigms of RAG, highlighting their key differences and how they address the limitations of Naive RAG."
2,"What are the modular components introduced in Modular RAG, and how do they enhance system flexibility?","['Right) Modular RAG inherits and develops from the previous paradigm, showcasing greater flexibility overall.This is evident in the introduction of multiple specific functional modules and the replacement of existing modules.The overall process is not limited to sequential retrieval and generation; it includes methods such as iterative and adaptive retrieval.Pre-retrieval process.In this stage, the primary focus is on optimizing the indexing structure and the original query.', '16 Fig.6.Summary of RAG ecosystem initial learning curve.3) Specialization - optimizing RAG to better serve production environments.The mutual growth of RAG models and their technology stacks is evident; technological advancements continuously establish new standards for existing infrastructure.', 'In the RAG system, both the step-back question and the original query are used for retrieval, and both the results are utilized as the basis for language model answer generation.3) Query Routing: Based on varying queries, routing to distinct RAG pipeline,which is suitable for a versatile RAG system designed to accommodate diverse scenarios.Metadata Router/ Filter.The first step involves extracting keywords (entity) from the query, followed by filtering based on the keywords and metadata within the chunks to narrow down the search scope.Semantic Router is another method of routing involves leveraging the semantic information of the query.', '2) Simplification - making RAG easier to use to reduce the 11https://github.com/weaviate/Verba 12https://aws.amazon.com/cn/kendra/', 'Section IV concentrates on post- retrieval process and LLM fine-tuning in generation.Section V analyzes the three augmentation processes.Section VI focuses on RAG’s downstream tasks and evaluation system.Sec- tion VII mainly discusses the challenges that RAG currently faces and its future development directions.At last, the paper concludes in Section VIII.']","

Modular components introduced in Modular RAG, such as modular retrieval pipelines, semantic routing, and metadata routing, enhance system flexibility by enabling different retrieval and generation tasks to be performed concurrently. This allows for more flexible and efficient responses to various queries."
3,What are the anticipated research trends for handling super-long contexts in RAG systems?,"['A. RAG vs Long Context With the deepening of related research, the context of LLMs is continuously expanding [170]–[172].Presently, LLMs can effortlessly manage contexts exceeding 200,000 tokens 9.This capability signifies that long-document question answering, previously reliant on RAG, can now incorporate the entire document directly into the prompt.This has also sparked discussions on whether RAG is still necessary when LLMs 8https://www.trulens.org/trulens eval/core concepts rag triad/ 9https://kimi.moonshot.cn are not constrained by context.In fact, RAG still plays an irreplaceable role.', 'Concur- rently, state-of-the-art automated tools like RAGAS [164], ARES [165], and TruLens8 employ LLMs to adjudicate the quality scores.These tools and benchmarks collectively form a robust framework for the systematic evaluation of RAG models, as summarized in Table IV.VII.DISCUSSION AND FUTURE PROSPECTS Despite the considerable progress in RAG technology, sev- eral challenges persist that warrant in-depth research.This chapter will mainly introduce the current challenges and future research directions faced by RAG.', '2 Fig.1.Technology tree of RAG research.The stages of involving RAG mainly include pre-training, fine-tuning, and inference.With the emergence of LLMs, research on RAG initially focused on leveraging the powerful in context learning abilities of LLMs, primarily concentrating on the inference stage.', '16 Fig.6.Summary of RAG ecosystem initial learning curve.3) Specialization - optimizing RAG to better serve production environments.The mutual growth of RAG models and their technology stacks is evident; technological advancements continuously establish new standards for existing infrastructure.', 'Section IV concentrates on post- retrieval process and LLM fine-tuning in generation.Section V analyzes the three augmentation processes.Section VI focuses on RAG’s downstream tasks and evaluation system.Sec- tion VII mainly discusses the challenges that RAG currently faces and its future development directions.At last, the paper concludes in Section VIII.']","

According to the context, the anticipated research trends for handling super-long contexts in RAG systems include:

- Exploring the effectiveness of specialized languages and techniques for long context management.
- Investigating the use of cross-modality techniques and fine-tuning approaches to improve the performance of RAG models.
- Developing robust evaluation metrics that can effectively capture the quality of long-text answers.
- Exploring the potential of incorporating domain-specific knowledge into the training process."
4,"How can RAG systems be tailored for domain-specific tasks, such as medical or legal question answering?","['The primary objective of this evaluation is to comprehend and optimize the performance of RAG models across diverse application scenarios.This chapter will mainly introduce the main downstream tasks of RAG, datasets, and how to evaluate RAG systems.A. Downstream Task The core task of RAG remains Question Answering (QA), including traditional single-hop/multi-hop QA, multiple- choice, domain-specific QA as well as long-form scenarios suitable for RAG.In addition to QA, RAG is continuously being expanded into multiple downstream tasks, such as Infor- mation Extraction (IE), dialogue generation, code search, etc.The main downstream tasks of RAG and their corresponding datasets are summarized in Table II.', 'In the early stages of RAG (Naive RAG), there is a low demand for model modifications.As research progresses, Modular RAG has become more integrated with fine-tuning techniques.Unstructured Data, such as text, is the most widely used retrieval source, which are mainly gathered from corpus.For open-domain question-answering (ODQA) tasks, the primary retrieval sources are Wikipedia Dump with the current major versions including HotpotQA 4 (1st October , 2017), DPR5 (20 December, 2018).In addition to encyclopedic data, common unstructured data includes cross-lingual text [19] and domain- specific data (such as medical [67]and legal domains [29]).', 'In turn, enhancements to the technology stack drive the development of RAG capabilities.RAG toolkits are converging into a foundational technology stack, laying the groundwork for advanced enterprise applications.However, a fully integrated, comprehensive platform concept is still in the future, requiring further innovation and development.F. Multi-modal RAG RAG has transcended its initial text-based question- answering confines, embracing a diverse array of modal data.This expansion has spawned innovative multimodal models that integrate RAG concepts across various domains: Image.', '3 Fig.2.A representative instance of the RAG process applied to question answering.It mainly consists of 3 steps.1) Indexing.', 'B. Evaluation Target Historically, RAG models assessments have centered on their execution in specific downstream tasks.These evaluations employ established metrics suitable to the tasks at hand.For instance, question answering evaluations might rely on EM and F1 scores [7], [45], [59], [72], whereas fact-checking tasks often hinge on Accuracy as the primary metric [4], [14], [42].BLEU and ROUGE metrics are also commonly used to evaluate answer quality [26], [32], [52], [78].Tools like RALLE, designed for the automatic evaluation of RAG applications, similarly base their assessments on these task- specific metrics [160].']"," 
    RAG systems can be tailored for domain-specific tasks by focusing on specific downstream tasks and tailoring the model architecture accordingly. This can be achieved through modifications to the training process, such as fine-tuning specific datasets and optimizing model parameters. Additionally, integrating specific domain-specific information and knowledge into the training process can also help improve performance."
